AreaCode,Bedroom,Bath,TotalRooms,YrSold,Costpersquareft,TotalArea,SalePrice
1,3,3,12,2008,28.35873804,5642,283.5873804
1,3,1,6,2008,30.37205771,1317,303.7205771
1,5,2,10,2007,38.51091142,2337,385.1091142
1,2,1,6,2009,39.15289256,968,391.5289256
1,3,4,11,2007,39.51026518,4676,395.1026518
1,4,2,11,2009,45.32040472,2372,453.2040472
1,5,1,8,2009,46.65769403,2229,466.5769403
1,3,1,5,2009,47.02194357,1276,470.2194357
1,2,1,4,2009,48.47222222,720,484.7222222
1,4,2,8,2006,49.04171364,1774,490.4171364
1,2,2,11,2009,49.57904584,2138,495.7904584
1,3,2,7,2010,50.36630037,1092,503.6630037
1,4,2,8,2008,51.73876166,2358,517.3876166
1,5,1,10,2006,53.13901345,2230,531.3901345
1,5,2,8,2007,53.16742081,2210,531.6742081
1,4,2,11,2010,53.49344978,2290,534.9344978
1,2,1,4,2010,53.63314176,1044,536.3314176
1,5,2,10,2007,53.84006334,2526,538.4006334
1,3,3,7,2007,54.20168067,2380,542.0168067
1,3,1,6,2006,54.86111111,1440,548.6111111
1,2,1,6,2009,55.70117955,1526,557.0117955
1,3,2,7,2009,55.91524426,1699,559.1524426
1,4,2,9,2007,58.44609341,2291,584.4609341
1,3,2,6,2009,58.4691708,1411,584.691708
1,3,1,6,2010,58.57580398,1306,585.7580398
1,3,2,5,2009,58.79752431,1131,587.9752431
1,4,2,8,2010,58.88538381,1902,588.8538381
1,8,2,14,2007,58.910162,3395,589.10162
1,5,3,10,2006,60.05553352,2521,600.5553352
1,4,2,8,2010,60.09615385,1664,600.9615385
1,4,2,7,2009,60.35673188,1738,603.5673188
1,2,1,6,2010,60.63829787,1128,606.3829787
1,4,2,9,2009,61.93693694,1776,619.3693694
1,2,1,6,2007,62.20984215,1077,622.0984215
1,3,2,8,2007,62.45105717,2554,624.5105717
1,4,1,7,2006,62.84340659,1456,628.4340659
1,3,2,8,2008,62.92517007,2058,629.2517007
1,4,2,10,2009,63.52040816,1960,635.2040816
1,3,1,6,2008,63.65576102,1406,636.5576102
1,6,2,12,2009,63.81830357,2240,638.1830357
1,5,3,12,2009,63.91953277,3082,639.1953277
1,4,2,9,2009,64.0941792,1529,640.941792
1,4,2,7,2006,64.55992509,2136,645.5992509
1,4,2,9,2007,64.58443621,1889,645.8443621
1,5,3,9,2007,64.90384615,2080,649.0384615
1,3,1,9,2009,64.93506494,1771,649.3506494
1,3,3,12,2007,64.97083603,3086,649.7083603
1,3,1,6,2009,65.43624161,1192,654.3624161
1,4,2,7,2008,66.19144603,1964,661.9144603
1,3,2,10,2006,66.28003314,2414,662.8003314
1,4,4,9,2008,66.31818182,2200,663.1818182
1,4,2,5,2007,66.6322314,968,666.322314
1,4,1,7,2008,66.69449082,1198,666.9449082
1,2,1,7,2009,66.82718031,1869,668.2718031
1,3,1,6,2010,66.87242798,1458,668.7242798
1,3,2,8,2010,66.91588785,1605,669.1588785
1,4,2,7,2006,67.01708279,1522,670.1708279
3,3,2,7,2009,67.05118962,1387,670.5118962
2,1,1,4,2009,67.47787611,904,674.7787611
1,2,1,5,2010,67.70833333,864,677.0833333
1,5,2,12,2010,67.85400176,2274,678.5400176
1,4,2,7,2009,68.1474003,1981,681.474003
1,5,1,8,2006,68.41216216,1184,684.1216216
3,3,2,6,2007,68.68131868,1092,686.8131868
1,6,2,10,2007,68.86574074,1728,688.6574074
1,4,2,10,2010,69.0641602,2447,690.641602
2,2,1,5,2008,69.09547739,796,690.9547739
2,2,2,6,2006,69.44444444,1296,694.4444444
2,2,1,6,2007,69.71153846,1248,697.1153846
2,3,1,6,2008,70.16473459,1639,701.6473459
2,3,1,8,2006,70.85714286,1750,708.5714286
2,4,2,9,2006,71.05809129,1928,710.5809129
2,2,2,6,2008,71.18055556,1152,711.8055556
4,4,2,10,2007,71.28712871,2020,712.8712871
2,2,1,5,2008,71.33058985,729,713.3058985
2,4,2,10,2007,71.35416667,1920,713.5416667
2,4,1,7,2009,71.52317881,1510,715.2317881
2,2,1,5,2006,71.55963303,1635,715.5963303
2,2,1,5,2008,72.08029197,1096,720.8029197
2,3,2,6,2009,72.17261905,1344,721.7261905
5,3,1,5,2009,72.2025463,864,722.025463
2,6,2,10,2006,72.33796296,1728,723.3796296
2,4,2,8,2007,72.42757243,2002,724.2757243
2,3,2,7,2009,72.4789916,1904,724.789916
2,4,4,12,2007,72.51908397,2620,725.1908397
2,4,2,8,2009,72.66435986,1734,726.6435986
2,4,4,8,2008,72.66435986,2601,726.6435986
2,2,2,7,2006,72.84482759,2320,728.4482759
2,4,1,7,2008,72.91666667,1344,729.1666667
3,3,2,6,2009,72.94264339,1604,729.4264339
2,2,2,8,2008,73.22435175,1774,732.2435175
2,4,2,7,2008,73.25905292,1795,732.5905292
2,1,0,4,2006,73.56458333,480,735.6458333
2,4,2,7,2006,73.80053908,1855,738.0053908
2,4,2,8,2007,74.05515832,1958,740.5515832
2,3,1,6,2006,74.12280702,1140,741.2280702
2,3,3,7,2009,74.56347334,2119,745.6347334
2,3,2,11,2008,74.7553816,2555,747.553816
2,1,1,4,2009,75,800,750
1,3,2,6,2010,75.10348906,1691,751.0348906
2,3,2,7,2006,75.12315271,1218,751.2315271
2,3,1,7,2009,75.48845471,1689,754.8845471
2,4,2,8,2006,75.51413882,3112,755.1413882
2,3,2,6,2009,75.67567568,1369,756.7567568
2,2,1,4,2006,75.75757576,693,757.5757576
2,3,2,7,2007,75.80751483,1517,758.0751483
2,4,4,8,2009,75.89285714,1792,758.9285714
2,6,4,12,2009,75.93014427,2634,759.3014427
2,3,2,7,2010,75.99193006,1487,759.9193006
2,3,2,7,2006,76.06787595,1709,760.6787595
7,3,2,7,2006,76.06787595,1709,760.6787595
2,3,2,7,2006,76.11241218,1708,761.1241218
2,4,4,8,2010,76.20614035,1824,762.0614035
2,3,1,6,2007,76.30813953,1376,763.0813953
2,3,2,8,2009,76.34032634,1716,763.4032634
2,2,1,6,2009,76.41921397,1374,764.1921397
2,3,2,4,2010,76.43884892,1112,764.3884892
2,3,2,6,2010,76.46520147,1092,764.6520147
2,2,1,5,2009,76.86395081,1301,768.6395081
2,4,2,8,2010,77.20588235,1768,772.0588235
2,4,2,8,2010,77.26269316,1812,772.6269316
2,4,2,8,2009,77.43192182,1535,774.3192182
2,3,2,7,2007,77.46478873,1846,774.6478873
2,4,2,8,2009,77.5009772,1535,775.009772
2,2,1,5,2008,77.5462963,864,775.462963
2,4,2,6,2010,77.71706132,1647,777.1706132
5,2,2,8,2009,77.82369146,1452,778.2369146
3,4,2,9,2006,77.8514574,1784,778.514574
3,4,2,8,2008,77.95100223,1796,779.5100223
3,4,2,8,2009,78.28282828,1584,782.8282828
3,6,2,10,2007,78.33333333,1800,783.3333333
3,2,1,5,2009,79.02298851,1392,790.2298851
3,3,2,7,2007,79.0960452,1416,790.960452
3,2,1,7,2007,79.10786914,1131,791.0786914
3,6,2,9,2008,79.1958042,1716,791.958042
3,3,1,5,2008,79.52286282,1006,795.2286282
3,4,3,9,2007,79.77097416,2515,797.7097416
3,3,1,5,2008,79.80697847,1347,798.0697847
3,2,1,6,2006,79.83805668,1235,798.3805668
3,3,2,7,2006,80.45640726,1709,804.5640726
3,4,2,8,2009,80.55395268,1733,805.5395268
3,3,1,8,2006,80.57228916,1328,805.7228916
3,4,2,7,2008,80.5785124,1694,805.785124
1,3,2,6,2010,80.58608059,1092,805.8608059
3,3,2,6,2009,80.58608059,1092,805.8608059
3,3,2,7,2006,80.83832335,1336,808.3832335
3,5,3,11,2010,81.26259234,2978,812.6259234
3,3,3,6,2007,81.41321045,1302,814.1321045
3,4,2,8,2007,81.49107143,1680,814.9107143
3,3,3,8,2009,81.52173913,1656,815.2173913
3,4,2,8,2008,81.52173913,1656,815.2173913
3,3,1,7,2006,81.53756552,1717,815.3756552
3,3,2,7,2010,81.55867694,2207,815.5867694
3,3,2,9,2010,81.87134503,1710,818.7134503
3,4,3,8,2008,81.88868613,2192,818.8868613
3,2,2,7,2007,81.89415042,1795,818.9415042
3,4,2,8,2008,81.94444444,1440,819.4444444
3,3,2,7,2008,82.10973725,1294,821.0973725
3,6,2,10,2008,82.52314815,1728,825.2314815
2,3,1,5,2006,82.74021352,1124,827.4021352
3,3,1,8,2009,82.96186231,2019,829.6186231
3,5,2,10,2006,82.98755187,1928,829.8755187
3,2,2,6,2007,83.16993464,1224,831.6993464
3,2,1,4,2009,83.1702544,1022,831.702544
3,2,2,6,2007,83.20950966,1346,832.0950966
3,4,2,9,2007,83.45978756,1977,834.5978756
3,2,1,6,2009,83.46581876,1258,834.6581876
3,2,1,6,2006,83.60655738,1220,836.0655738
3,3,1,7,2006,83.70175439,1368,837.0175439
3,3,2,6,2009,83.93285372,1668,839.3285372
3,2,2,5,2006,84.09321175,987,840.9321175
4,2,2,6,2006,84.13461538,1040,841.3461538
3,4,2,7,2010,84.14043584,1652,841.4043584
3,4,2,7,2008,84.27339084,1507,842.7339084
3,3,1,5,2006,84.28390368,1578,842.8390368
3,4,2,7,2010,84.28493747,1839,842.8493747
3,3,3,10,2008,84.45462353,3493,844.5462353
3,3,1,6,2006,84.49396472,1077,844.9396472
3,3,1,6,2009,84.55181182,1573,845.5181182
3,3,1,7,2010,84.64912281,1140,846.4912281
3,4,2,7,2008,84.65491184,1588,846.5491184
3,4,2,8,2006,84.69626168,1712,846.9626168
6,3,2,8,2007,84.84669811,1696,848.4669811
3,4,2,7,2009,84.88499452,1826,848.8499452
3,3,1,6,2007,84.91847826,1472,849.1847826
3,2,1,4,2008,85.02673797,935,850.2673797
3,3,2,6,2009,85.17156863,1632,851.7156863
3,3,1,7,2006,85.20710059,1690,852.0710059
4,3,2,7,2008,85.25104603,1912,852.5104603
3,2,1,5,2009,85.26490066,1208,852.6490066
3,3,3,7,2009,85.47885572,1608,854.7885572
3,2,2,6,2006,85.49618321,1310,854.9618321
3,3,1,5,2008,85.50855086,1111,855.0855086
3,3,1,7,2006,85.56547619,1344,855.6547619
3,2,2,5,2009,85.66978193,1284,856.6978193
3,4,1,7,2006,85.91318591,1221,859.1318591
3,3,2,8,2006,85.96783139,1803,859.6783139
8,3,3,6,2009,86.02150538,1302,860.2150538
3,4,2,6,2006,86.10169492,1475,861.0169492
3,3,2,9,2008,86.25336927,1484,862.5336927
3,3,1,6,2006,86.49093904,1214,864.9093904
3,2,2,4,2008,86.5248227,987,865.248227
3,2,2,6,2009,86.53846154,1040,865.3846154
3,2,1,5,2010,86.58008658,924,865.8008658
3,0,2,6,2008,86.61287758,1258,866.1287758
4,3,1,6,2006,86.69950739,1015,866.9950739
5,3,1,5,2009,86.79525223,1348,867.9525223
4,3,2,7,2006,86.84593023,1376,868.4593023
4,2,1,4,2009,86.86440678,944,868.6440678
4,3,3,7,2009,87.01787394,2126,870.1787394
4,4,1,7,2008,87.05193855,1367,870.5193855
4,2,1,7,2010,87.24617997,1178,872.4617997
4,3,2,5,2010,87.28448276,1392,872.8448276
4,5,3,9,2006,87.28943338,1959,872.8943338
4,4,2,8,2006,87.32638889,1728,873.2638889
4,4,3,7,2008,87.39837398,1968,873.9837398
6,3,1,6,2008,87.44534666,1601,874.4534666
4,4,2,8,2007,87.62254902,1632,876.2254902
4,2,1,6,2006,87.77429467,1595,877.7429467
4,3,2,4,2008,88.19018405,1304,881.9018405
4,4,3,8,2009,88.22232025,2267,882.2232025
4,3,3,6,2010,88.23529412,1479,882.3529412
4,2,1,3,2006,88.26754386,912,882.6754386
4,4,3,8,2006,88.54166667,1920,885.4166667
4,3,1,6,2006,88.90298034,1577,889.0298034
4,4,3,9,2008,88.97876643,1978,889.7876643
7,3,1,4,2007,89.04719501,1123,890.4719501
4,4,2,8,2006,89.10329171,1762,891.0329171
4,3,2,7,2007,89.11192214,1644,891.1192214
4,2,2,6,2009,89.32692308,1040,893.2692308
4,2,2,5,2009,89.43089431,1230,894.3089431
4,3,1,7,2007,89.55223881,1340,895.5223881
4,2,2,6,2007,89.74358974,1365,897.4358974
4,5,4,12,2006,89.79885057,2784,897.9885057
8,5,3,9,2007,89.84187829,2087,898.4187829
4,4,2,8,2006,89.84375,1920,898.4375
4,3,2,6,2008,89.85879332,1558,898.5879332
4,2,2,6,2006,89.90384615,1040,899.0384615
4,5,1,8,2009,90.32438479,1788,903.2438479
4,4,3,8,2009,90.33613445,2142,903.3613445
4,2,1,6,2008,90.60402685,894,906.0402685
4,2,2,5,2008,90.67882472,987,906.7882472
4,4,2,8,2007,90.87904825,1513,908.7904825
4,3,1,6,2007,90.90909091,1111,909.0909091
4,4,3,10,2007,91.08231707,2624,910.8231707
4,2,1,6,2010,91.29032258,930,912.9032258
4,4,2,7,2008,91.42857143,1750,914.2857143
3,3,1,5,2009,91.43807149,1203,914.3807149
4,3,2,7,2009,91.57509158,1365,915.7509158
4,5,2,8,2008,91.69054441,2792,916.9054441
4,3,2,7,2006,91.69550173,1734,916.9550173
4,3,3,6,2009,91.78187404,1302,917.8187404
4,4,3,9,2008,91.81331293,2614,918.1331293
4,4,2,7,2008,91.83673469,1470,918.3673469
4,2,1,5,2007,91.88963211,1196,918.8963211
4,3,1,7,2008,91.89925119,1469,918.9925119
4,3,2,5,2009,91.94282001,1539,919.4282001
4,3,1,7,2009,91.97324415,1196,919.7324415
4,3,1,6,2010,92.07630227,1363,920.7630227
4,2,1,5,2009,92.10526316,988,921.0526316
4,2,1,6,2010,92.15686275,1020,921.5686275
4,2,2,7,2007,92.17877095,1432,921.7877095
4,2,2,6,2006,92.19457014,1768,921.9457014
4,4,3,8,2006,92.26256983,1790,922.6256983
4,2,2,6,2006,92.27941176,1360,922.7941176
4,3,2,9,2009,92.52483011,1913,925.2483011
4,3,2,8,2009,92.59259259,1620,925.9259259
4,3,2,7,2007,92.77504105,1218,927.7504105
4,3,2,7,2006,92.8,1250,928
4,2,2,7,2007,92.98118669,1382,929.8118669
4,4,2,7,2007,93.23432343,1818,932.3432343
4,3,1,5,2009,93.25246399,1319,932.5246399
4,3,1,6,2007,93.26993416,1367,932.6993416
2,4,2,8,2007,93.54304636,1812,935.4304636
4,4,2,8,2010,93.60730594,1752,936.0730594
4,3,2,7,2009,93.68703828,1489,936.8703828
4,3,2,7,2007,93.72693727,1355,937.2693727
4,3,1,7,2008,93.79770992,1048,937.9770992
5,4,3,7,2007,93.82716049,1620,938.2716049
5,4,1,6,2009,93.83852691,1412,938.3852691
5,3,1,5,2009,93.95424837,1224,939.5424837
5,3,2,6,2008,93.979442,1362,939.79442
5,3,2,5,2007,94.05940594,1616,940.5940594
5,4,2,6,2008,94.09594096,1355,940.9594096
5,4,3,9,2006,94.19743783,2654,941.9743783
5,4,2,7,2008,94.46693657,1482,944.6693657
5,3,2,7,2007,94.48818898,1524,944.8818898
5,3,1,8,2006,94.54314721,1576,945.4314721
5,4,1,7,2010,94.69200524,1526,946.9200524
5,4,3,11,2008,94.70752089,2872,947.0752089
5,2,3,6,2008,94.71094711,1626,947.1094711
5,3,1,7,2010,94.84291642,1687,948.4291642
5,4,3,8,2008,94.95548961,2022,949.5548961
5,3,1,6,2008,95.04792332,1252,950.4792332
4,3,4,7,2007,95.28907923,1868,952.8907923
5,4,3,8,2006,95.33366784,1993,953.3366784
5,2,1,6,2007,95.51098376,1047,955.1098376
5,2,1,4,2008,95.54973822,764,955.4973822
5,3,2,7,2006,95.55288462,1664,955.5288462
5,3,2,6,2006,95.55930298,1779,955.5930298
5,3,1,6,2007,95.58823529,1360,955.8823529
5,3,3,7,2009,95.6937799,2090,956.937799
5,2,2,5,2006,95.74468085,987,957.4468085
5,3,1,6,2010,95.79230081,1117,957.9230081
5,1,1,4,2009,95.81881533,861,958.1881533
5,2,2,5,2009,95.91474245,1126,959.1474245
5,3,1,5,2007,95.99589322,974,959.9589322
5,4,3,8,2007,96.0591133,2030,960.591133
5,3,2,7,2007,96.06020363,2259,960.6020363
5,3,3,6,2008,96.06147935,2082,960.6147935
5,3,1,6,2006,96.15384615,1352,961.5384615
5,3,1,8,2008,96.34551495,1505,963.4551495
5,4,2,8,2009,96.44087256,1742,964.4087256
5,3,1,7,2009,96.49122807,1482,964.9122807
5,3,3,8,2007,96.49568309,1969,964.9568309
5,3,1,7,2008,96.63865546,1666,966.3865546
5,3,1,6,2009,96.67673716,1324,966.7673716
5,3,2,7,2006,96.88013136,1218,968.8013136
5,2,1,5,2009,96.93877551,784,969.3877551
5,3,3,6,2008,97.0437018,1556,970.437018
5,1,1,5,2009,97.08078751,1473,970.8078751
5,3,3,8,2010,97.1563981,2110,971.563981
5,3,2,6,2009,97.19222462,1389,971.9222462
5,3,2,8,2008,97.27207466,1393,972.7207466
5,4,2,6,2010,97.35294118,1700,973.5294118
5,3,1,6,2006,97.36394558,1176,973.6394558
4,2,1,6,2008,97.45065789,1216,974.5065789
6,2,1,4,2009,97.50297265,841,975.0297265
6,4,2,6,2007,97.56097561,1558,975.6097561
6,4,3,8,2006,97.89663462,1664,978.9663462
6,4,3,9,2008,97.96401515,2112,979.6401515
6,3,2,7,2009,98.06371018,1601,980.6371018
6,3,2,6,2009,98.17197021,1477,981.7197021
6,4,3,9,2009,98.26152683,2646,982.6152683
6,3,2,7,2006,98.38216003,2287,983.8216003
6,3,1,6,2007,98.38255977,1422,983.8255977
6,2,1,4,2006,98.38895282,869,983.8895282
6,2,1,5,2007,98.46055164,1559,984.6055164
6,3,2,6,2009,98.60312243,1217,986.0312243
6,4,3,8,2008,98.61407249,1876,986.1407249
6,3,2,7,2007,98.67229934,1657,986.7229934
6,3,1,6,2007,98.69791667,960,986.9791667
6,3,1,6,2010,98.78419453,1316,987.8419453
6,3,3,8,2010,98.80395216,1923,988.0395216
1,2,1,6,2008,98.83268482,1285,988.3268482
6,3,2,5,2006,98.86178862,1230,988.6178862
6,3,1,8,2007,98.95833333,1824,989.5833333
6,4,2,8,2009,98.97172237,1556,989.7172237
6,3,2,7,2007,98.98190045,1768,989.8190045
6,2,2,10,2008,99.03381643,2898,990.3381643
6,3,3,7,2009,99.19493962,1739,991.9493962
6,3,2,6,2008,99.20106525,1502,992.0106525
4,4,3,9,2007,99.23398329,2872,992.3398329
6,3,2,6,2007,99.28229665,2090,992.8229665
6,4,3,8,2006,99.28443649,2236,992.8443649
6,5,3,11,2010,99.31719429,3222,993.1719429
6,2,1,6,2009,99.33554817,1505,993.3554817
6,2,1,4,2009,99.35897436,936,993.5897436
6,2,1,5,2010,99.4011976,835,994.011976
6,3,1,5,2009,99.40828402,845,994.0828402
6,4,3,8,2006,99.44311854,2514,994.4311854
6,3,3,7,2009,99.44444444,1800,994.4444444
6,4,2,7,2007,99.63547995,1646,996.3547995
6,3,1,8,2008,99.63877182,1661,996.3877182
6,4,2,8,2008,99.65034965,1716,996.5034965
6,3,3,7,2008,99.87922705,1656,998.7922705
6,4,3,8,2006,100.1026694,1948,1001.026694
6,3,3,7,2007,100.129199,1548,1001.29199
6,2,1,5,2006,100.1813237,1103,1001.813237
6,3,3,7,2010,100.2747253,1456,1002.747253
6,4,3,8,2007,100.312082,2243,1003.12082
6,4,3,8,2006,100.3928416,2291,1003.928416
6,3,3,7,2007,100.4016064,1743,1004.016064
6,5,2,10,2009,100.5154639,2134,1005.154639
6,3,2,6,2007,100.5291005,1701,1005.291005
6,2,3,6,2010,100.6355932,1888,1006.355932
6,3,1,7,2010,100.6578947,1520,1006.578947
6,2,1,4,2008,100.6944444,720,1006.944444
9,4,2,8,2009,100.7496212,2640,1007.496212
6,3,3,7,2007,100.8086253,1855,1008.086253
6,2,2,5,2009,100.8950366,1229,1008.950366
6,3,3,7,2007,101.0264722,1851,1010.264722
6,4,2,8,2008,101.0989011,1820,1010.989011
6,2,1,4,2006,101.0997204,1073,1010.997204
6,3,2,7,2010,101.3024602,2073,1013.024602
6,2,2,5,2008,101.3171226,987,1013.171226
6,2,1,5,2006,101.3257576,1056,1013.257576
6,2,2,6,2007,101.4370245,1183,1014.370245
6,3,1,5,2006,101.4376997,1252,1014.376997
10,3,1,7,2009,101.5815085,1644,1015.815085
6,4,2,10,2010,101.7062006,2403,1017.062006
6,2,1,7,2009,101.7675415,1867,1017.675415
6,5,3,10,2008,101.7811705,2358,1017.811705
6,2,1,5,2006,101.8181818,1375,1018.181818
6,4,3,9,2006,101.9189765,2345,1019.189765
6,3,3,7,2009,101.9917582,1456,1019.917582
6,3,1,6,2007,102.0671835,774,1020.671835
6,3,2,6,2006,102.2510232,1466,1022.510232
6,3,3,7,2007,102.2739018,1935,1022.739018
6,3,1,7,2009,102.3065476,1344,1023.065476
6,3,2,8,2008,102.3391813,1539,1023.391813
6,4,3,8,2007,102.4271845,2060,1024.271845
6,3,3,8,2010,102.4390244,1845,1024.390244
6,3,3,7,2009,102.4955437,1683,1024.955437
6,3,2,6,2007,102.5454545,1375,1025.454545
6,3,1,5,2006,102.5641026,858,1025.641026
6,3,3,7,2008,102.6385224,1895,1026.385224
6,3,3,7,2008,102.7233636,2093,1027.233636
12,3,3,7,2010,102.7713626,1732,1027.713626
6,3,2,7,2010,103.0368764,1844,1030.368764
6,2,1,4,2009,103.0474041,886,1030.474041
6,3,3,7,2009,103.0534351,1441,1030.534351
6,3,1,5,2010,103.1220435,1057,1031.220435
6,3,3,7,2009,103.2225579,1986,1032.225579
6,4,3,7,2009,103.2778356,1922,1032.778356
6,2,1,5,2007,103.3057851,968,1033.057851
6,3,2,7,2008,103.4482759,1682,1034.482759
6,2,1,5,2007,103.4482759,986,1034.482759
6,3,3,7,2006,103.5308199,1671,1035.308199
6,3,2,8,2008,103.5600763,1573,1035.600763
6,3,1,5,2007,103.5714286,840,1035.714286
6,3,1,7,2007,103.5758323,1622,1035.758323
6,3,3,7,2006,103.6057692,1664,1036.057692
6,3,1,5,2008,103.626943,1158,1036.26943
6,2,1,6,2006,103.7567084,1118,1037.567084
6,3,1,6,2009,103.8088125,1339,1038.088125
6,3,3,9,2006,103.8444543,2263,1038.444543
6,3,3,8,2009,103.8834951,2060,1038.834951
6,3,3,8,2008,104.0736607,1792,1040.736607
12,2,1,7,2010,104.1009464,1268,1041.009464
6,4,1,7,2006,104.1666667,1200,1041.666667
6,4,2,8,2007,104.1666667,1440,1041.666667
6,4,2,7,2008,104.2209808,1611,1042.209808
6,4,3,8,2008,104.3788187,1964,1043.788187
6,4,3,7,2006,104.5375408,1838,1045.375408
6,3,3,7,2006,104.5903544,1721,1045.903544
6,4,3,8,2009,104.6099291,2256,1046.099291
6,2,1,5,2006,104.6099291,1128,1046.099291
6,3,3,7,2010,104.767184,1804,1047.67184
13,4,3,8,2006,104.7751507,2157,1047.751507
7,2,2,5,2008,104.8850575,1392,1048.850575
7,3,1,6,2009,104.8895899,1268,1048.895899
7,3,1,6,2009,104.8907895,1520,1048.907895
7,4,3,9,2006,104.9015117,2183,1049.015117
7,1,2,5,2009,104.9926579,1362,1049.926579
7,3,2,7,2006,105.0253073,1383,1050.253073
7,2,1,5,2008,105.2205221,1111,1052.205221
7,3,2,6,2010,105.2653061,1225,1052.653061
7,2,1,5,2006,105.2884615,1040,1052.884615
7,3,3,7,2007,105.3480867,2169,1053.480867
7,4,2,8,2008,105.3571429,1680,1053.571429
7,2,1,5,2007,105.4158607,1034,1054.158607
7,3,3,6,2008,105.4878049,1640,1054.878049
12,3,3,7,2007,105.625,1600,1056.25
7,2,1,4,2006,105.6730769,1040,1056.730769
7,4,3,9,2009,105.7280514,1868,1057.280514
7,3,2,6,2009,105.8863329,1478,1058.863329
7,4,3,10,2006,105.9915164,1886,1059.915164
7,4,2,7,2008,106.004902,1632,1060.04902
9,2,1,5,2006,106.1946903,1130,1061.946903
7,4,2,7,2008,106.2155783,1271,1062.155783
7,3,3,7,2007,106.2537948,1647,1062.537948
7,4,3,9,2010,106.3417191,1908,1063.417191
8,2,2,6,2009,106.396064,1626,1063.96064
7,3,2,6,2009,106.5629229,1478,1065.629229
7,3,3,7,2007,106.6860465,1720,1066.860465
7,2,1,4,2008,106.7839196,796,1067.839196
7,3,2,6,2006,106.7857143,1400,1067.857143
7,3,3,7,2007,106.870229,1572,1068.70229
7,1,1,5,2006,106.961178,747,1069.61178
7,3,3,8,2007,107.029533,1456,1070.29533
8,3,2,6,2006,107.0911722,1382,1070.911722
8,2,1,4,2010,107.0950469,747,1070.950469
8,3,3,7,2007,107.1005917,1690,1071.005917
8,2,1,6,2007,107.1428571,1344,1071.428571
8,3,3,10,2007,107.2261072,2574,1072.261072
7,3,1,5,2006,107.2450805,1118,1072.450805
8,3,1,5,2008,107.3883162,1164,1073.883162
8,2,2,5,2008,107.3961499,987,1073.961499
8,3,3,8,2006,107.4691026,1861,1074.691026
8,4,3,9,2007,107.4733096,2810,1074.733096
8,3,1,6,2007,107.5533662,1218,1075.533662
8,4,3,9,2006,107.5713695,2417,1075.713695
8,2,1,6,2006,107.5783972,1148,1075.783972
8,3,2,6,2010,107.6807229,1328,1076.807229
8,3,3,7,2009,107.6833527,1718,1076.833527
8,3,3,7,2008,107.8212291,1790,1078.212291
8,2,1,5,2006,107.8244275,1048,1078.244275
14,3,3,8,2007,107.9136691,1668,1079.136691
8,3,3,8,2009,107.9154376,2034,1079.154376
8,2,3,6,2010,107.9335793,1626,1079.335793
8,3,3,7,2009,108.0597015,1675,1080.597015
8,3,3,8,2006,108.1495098,1632,1081.495098
8,2,1,5,2007,108.3437111,803,1083.437111
8,2,2,5,2010,108.3877996,918,1083.877996
8,3,3,7,2006,108.3896396,1776,1083.896396
8,3,2,6,2008,108.3916084,1144,1083.916084
8,3,1,6,2008,108.4337349,996,1084.337349
8,3,2,6,2006,108.4704449,1641,1084.704449
8,3,1,6,2006,108.4909716,1163,1084.909716
8,4,3,8,2007,108.5339168,2285,1085.339168
12,4,2,7,2008,108.6864407,1416,1086.864407
8,3,3,7,2007,108.6956522,1472,1086.956522
8,3,3,9,2008,108.7267525,2097,1087.267525
8,3,1,6,2008,108.75,1200,1087.5
8,3,1,7,2010,108.7521664,1154,1087.521664
8,2,1,6,2006,108.7783172,1236,1087.783172
8,4,2,8,2006,108.7962963,1728,1087.962963
8,4,3,9,2007,108.8907015,2452,1088.907015
9,3,3,8,2008,109.0487239,1724,1090.487239
8,3,1,6,2008,109.1192518,1283,1091.192518
8,3,3,7,2007,109.2020967,1717,1092.020967
8,3,1,6,2006,109.223301,1236,1092.23301
8,3,3,7,2010,109.3350384,1564,1093.350384
8,3,3,8,2010,109.3366093,2035,1093.366093
8,3,2,7,2009,109.3425606,1445,1093.425606
8,3,3,7,2008,109.3567251,1710,1093.567251
7,3,1,6,2009,109.375,1344,1093.75
8,3,3,6,2010,109.4632768,1416,1094.632768
8,4,2,7,2007,109.5006935,1442,1095.006935
8,3,3,8,2008,109.5519449,2031,1095.519449
8,2,1,5,2008,109.5636026,1077,1095.636026
8,3,3,7,2009,109.6379398,1961,1096.379398
8,3,3,7,2006,109.731753,1603,1097.31753
8,4,3,8,2007,109.7498724,1959,1097.498724
8,3,2,8,2007,109.7615834,2223,1097.615834
12,3,1,6,2009,109.8454028,1229,1098.454028
8,3,2,7,2007,109.8535286,1502,1098.535286
8,3,3,7,2009,109.9537037,1728,1099.537037
8,2,1,4,2008,109.9773243,882,1099.773243
8,3,1,7,2007,110.010745,1396,1100.10745
8,4,3,8,2008,110.0628931,1908,1100.628931
8,4,3,9,2009,110.1426307,2524,1101.426307
8,3,2,6,2009,110.1583113,1516,1101.583113
6,2,1,5,2007,110.1663586,1082,1101.663586
8,4,3,8,2007,110.2564103,2730,1102.564103
9,3,3,6,2006,110.326449,1501,1103.26449
9,3,1,5,2010,110.3500761,1314,1103.500761
9,4,4,11,2008,110.4235727,2715,1104.235727
9,4,3,8,2010,110.4591837,1960,1104.591837
9,4,3,10,2009,110.4972376,2353,1104.972376
9,3,2,7,2007,110.4972376,1991,1104.972376
9,4,2,8,2008,110.5137395,1674,1105.137395
9,4,4,11,2008,110.5308964,3447,1105.308964
6,3,3,7,2007,110.5937922,1482,1105.937922
9,3,1,5,2008,110.6523534,1211,1106.523534
9,4,3,9,2008,110.7087429,1933,1107.087429
9,4,3,8,2008,110.8791209,1820,1108.791209
9,3,2,6,2009,110.9489051,1370,1109.489051
9,4,2,9,2006,111.0432852,1802,1110.432852
9,3,1,6,2009,111.1111111,1125,1111.111111
9,3,2,7,2007,111.1111111,1134,1111.111111
9,3,3,6,2007,111.1416431,1412,1111.416431
9,3,3,6,2009,111.1951589,1322,1111.951589
9,3,2,8,2007,111.2,1250,1112
9,3,3,6,2009,111.2422709,1779,1112.422709
17,2,3,7,2009,111.3053613,1716,1113.053613
9,3,1,6,2006,111.3445378,1190,1113.445378
9,2,3,4,2007,111.4417989,1512,1114.417989
9,3,2,7,2008,111.4476075,1651,1114.476075
9,4,2,7,2008,111.4800759,2108,1114.800759
9,3,3,7,2010,111.5252294,1744,1115.252294
9,1,2,6,2009,111.5337366,2149,1115.337366
9,3,3,6,2009,111.5384615,1560,1115.384615
10,3,2,7,2009,111.57289,1564,1115.7289
9,3,3,6,2008,111.5853659,1640,1115.853659
9,3,2,7,2007,111.6731518,1285,1116.731518
9,3,3,7,2009,111.7388575,1593,1117.388575
9,4,3,9,2008,111.7467249,2290,1117.467249
9,4,3,8,2010,111.8042226,2084,1118.042226
11,3,2,6,2009,111.8513324,1426,1118.513324
9,3,3,9,2007,111.8534483,2320,1118.534483
9,2,1,5,2010,111.8677043,1028,1118.677043
9,4,3,8,2007,111.8946874,2127,1118.946874
9,2,2,7,2009,111.8971061,1555,1118.971061
9,2,1,6,2006,111.9873817,951,1119.873817
9,4,2,8,2008,112.012987,1848,1120.12987
9,3,3,8,2006,112.0517928,2008,1120.517928
9,2,1,5,2006,112.0689655,754,1120.689655
9,3,1,5,2009,112.1076233,892,1121.076233
9,1,2,7,2009,112.109624,1569,1121.09624
9,4,3,7,2008,112.1870572,2117,1121.870572
9,2,1,4,2009,112.2685185,864,1122.685185
7,3,1,7,2009,112.3822342,1486,1123.822342
9,4,3,10,2007,112.4295554,3194,1124.295554
9,3,2,9,2009,112.5,2080,1125
9,3,3,8,2006,112.5065411,1911,1125.065411
9,4,2,7,2007,112.6042632,2158,1126.042632
9,4,3,10,2008,112.6148562,2329,1126.148562
10,3,3,8,2006,112.6304945,1456,1126.304945
9,3,1,6,2010,112.7622378,1144,1127.622378
9,3,3,5,2010,112.8417038,1573,1128.417038
9,3,3,7,2008,112.8428928,1604,1128.428928
9,2,1,5,2007,113.0208333,960,1130.208333
9,3,3,7,2009,113.0546075,2344,1130.546075
9,3,2,5,2009,113.170347,1268,1131.70347
9,3,2,7,2008,113.2075472,1537,1132.075472
9,4,2,6,2006,113.2550336,1192,1132.550336
9,4,3,9,2007,113.300967,2482,1133.00967
9,3,3,7,2009,113.3036283,1571,1133.036283
9,3,3,8,2008,113.3896261,1658,1133.896261
9,3,1,7,2008,113.4185304,1252,1134.185304
9,2,1,5,2008,113.4259259,864,1134.259259
8,4,3,8,2010,113.4635692,1894,1134.635692
9,3,3,9,2009,113.4644478,1983,1134.644478
9,3,1,7,2007,113.60211,1327,1136.0211
9,3,2,6,2008,113.6746988,1660,1136.746988
9,4,3,9,2008,113.7397634,2198,1137.397634
9,2,2,5,2007,113.7777778,1575,1137.777778
9,4,3,8,2007,113.8485477,1928,1138.485477
9,4,2,9,2010,113.8888889,2340,1138.888889
7,3,1,6,2007,113.9240506,948,1139.240506
9,4,3,10,2006,114.007954,2263,1140.07954
9,3,2,6,2009,114.0602582,1394,1140.602582
9,3,2,7,2009,114.1235813,1586,1141.235813
9,3,3,6,2007,114.2028986,1725,1142.028986
9,3,3,7,2006,114.244186,1720,1142.44186
9,3,3,7,2009,114.3147897,1474,1143.147897
9,2,1,4,2008,114.3724696,988,1143.724696
9,2,1,5,2009,114.4278607,1005,1144.278607
9,4,3,9,2007,114.5792177,2531,1145.792177
9,3,3,7,2007,114.6416573,1786,1146.416573
9,3,3,7,2010,114.6441074,1714,1146.441074
10,3,3,6,2010,114.6464646,1386,1146.464646
9,2,1,4,2009,114.7108844,1176,1147.108844
9,3,2,7,2009,114.7911833,1724,1147.911833
9,4,3,8,2006,114.8060174,2526,1148.060174
9,2,2,5,2006,114.8092745,1337,1148.092745
9,3,3,8,2007,114.8325359,2090,1148.325359
9,3,1,6,2009,114.8601399,1144,1148.601399
9,3,3,8,2006,114.8825065,1915,1148.825065
9,3,2,6,2006,114.9851632,1348,1149.851632
9,4,3,9,2007,115.0793651,2520,1150.793651
9,3,1,5,2007,115.1603499,1029,1151.603499
10,3,2,5,2007,115.1785714,1120,1151.785714
10,2,1,4,2008,115.1898734,790,1151.898734
10,3,2,7,2008,115.2471709,1679,1152.471709
10,3,2,5,2008,115.2623211,1258,1152.623211
10,3,3,7,2007,115.2875883,1982,1152.875883
8,3,1,6,2008,115.3039832,1431,1153.039832
10,2,1,6,2007,115.3212521,1214,1153.212521
10,3,2,7,2009,115.3387937,1343,1153.387937
10,3,1,6,2009,115.4181185,1148,1154.181185
10,3,3,10,2007,115.5115512,2727,1155.115512
10,2,1,4,2009,115.625,864,1156.25
10,3,3,8,2010,115.6398104,2110,1156.398104
10,3,3,6,2006,115.9149485,1552,1159.149485
10,3,3,6,2006,115.9333333,1500,1159.333333
10,3,2,7,2006,115.9618008,1466,1159.618008
10,3,2,5,2008,115.9708416,1509,1159.708416
10,3,3,5,2007,116.0655738,1525,1160.655738
10,3,2,6,2009,116.1290323,1395,1161.290323
7,3,3,7,2007,116.1731207,1756,1161.731207
10,3,2,6,2010,116.1997126,1392,1161.997126
10,2,1,6,2008,116.2207358,1196,1162.207358
10,4,3,11,2007,116.2747126,2610,1162.747126
10,3,2,6,2008,116.426757,1181,1164.26757
10,2,1,5,2006,116.5254237,1180,1165.254237
10,2,1,5,2009,116.5254237,708,1165.254237
10,3,1,5,2009,116.6666667,960,1166.666667
10,3,3,7,2008,116.6912851,2031,1166.912851
10,4,3,9,2006,116.7755991,2295,1167.755991
6,3,3,7,2007,116.7925625,1721,1167.925625
10,3,2,7,2008,116.8359942,1378,1168.359942
10,4,2,7,2010,116.8639053,1352,1168.639053
10,3,2,6,2006,116.9102296,1437,1169.102296
10,4,2,9,2008,116.9647173,2069,1169.647173
10,2,1,6,2007,116.9960474,1012,1169.960474
10,1,1,4,2007,117.0068027,882,1170.068027
10,3,1,5,2007,117.0886076,948,1170.886076
10,3,4,9,2008,117.1171171,2775,1171.171171
10,2,1,5,2009,117.151608,1306,1171.51608
10,3,3,7,2007,117.1591498,1929,1171.591498
10,3,3,7,2008,117.2161172,1638,1172.161172
10,3,3,8,2009,117.2506739,1484,1172.506739
10,3,3,6,2009,117.2671652,1471,1172.671652
10,3,2,6,2007,117.3380035,1142,1173.380035
10,3,2,6,2008,117.4363057,1256,1174.363057
10,3,3,7,2009,117.4698795,1660,1174.698795
10,3,3,7,2007,117.4832962,1796,1174.832962
10,3,3,6,2009,117.4881837,1481,1174.881837
10,3,3,6,2008,117.5094817,1582,1175.094817
10,2,1,5,2006,117.5149701,1336,1175.149701
12,3,3,7,2009,117.5474255,1476,1175.474255
10,3,2,7,2006,117.6470588,1700,1176.470588
10,1,1,2,2007,117.6646707,334,1176.646707
10,4,3,9,2006,117.6650564,1863,1176.650564
10,3,2,5,2007,117.7924217,1214,1177.924217
8,3,2,7,2007,117.9245283,1484,1179.245283
10,3,1,5,2009,117.9645335,1297,1179.645335
10,3,2,8,2006,118.1029412,1836,1181.029412
10,3,2,7,2008,118.1877873,1523,1181.877873
10,4,3,8,2008,118.4834123,1688,1184.834123
10,3,3,8,2009,118.5643564,2020,1185.643564
13,3,3,8,2006,118.6710165,1456,1186.710165
10,3,2,5,2007,118.7659033,1572,1187.659033
11,3,2,6,2007,118.7793427,1065,1187.793427
11,3,3,7,2009,118.7925998,2054,1187.925998
11,3,1,7,2009,118.8085676,1494,1188.085676
11,3,3,8,2007,118.8091263,1797,1188.091263
11,3,3,8,2007,118.8811189,1430,1188.811189
10,3,1,5,2008,119.047619,924,1190.47619
11,2,1,6,2007,119.047619,1134,1190.47619
11,3,3,7,2006,119.0599174,1936,1190.599174
11,3,3,7,2010,119.2033294,1682,1192.033294
11,3,2,5,2009,119.2307692,1040,1192.307692
11,3,2,6,2008,119.2528736,1392,1192.528736
12,2,2,4,2010,119.2703461,1069,1192.703461
11,3,3,8,2006,119.2842942,1509,1192.842942
11,3,1,6,2008,119.3058568,1383,1193.058568
11,2,2,5,2008,119.3568336,1617,1193.568336
11,3,3,6,2006,119.3921852,1382,1193.921852
11,3,3,6,2008,119.5203198,1501,1195.203198
11,3,1,6,2010,119.5286195,1188,1195.286195
11,3,2,6,2009,119.5355191,1464,1195.355191
11,2,2,5,2009,119.5542047,987,1195.542047
11,3,1,6,2009,119.5965418,1041,1195.965418
16,3,2,6,2008,119.6769457,1362,1196.769457
11,2,1,4,2008,119.7558269,901,1197.558269
11,4,3,8,2008,119.7718631,2630,1197.718631
11,1,1,3,2010,119.8412698,630,1198.412698
11,4,2,6,2010,119.8555957,1385,1198.555957
11,3,3,7,2009,119.9095023,1768,1199.095023
11,2,2,4,2010,119.9625117,1067,1199.625117
8,2,1,5,2009,120,875,1200
11,3,3,7,2009,120,1775,1200
11,4,3,10,2007,120.0505476,2374,1200.505476
11,3,3,7,2008,120.0810185,1728,1200.810185
11,3,3,6,2006,120.0901481,1553,1200.901481
11,3,3,7,2006,120.0969251,1496,1200.969251
11,4,2,7,2006,120.1011378,1582,1201.011378
7,2,3,4,2006,120.1266667,1200,1201.266667
11,3,3,7,2008,120.1578192,1394,1201.578192
11,4,3,7,2010,120.1740076,1839,1201.740076
11,3,1,5,2008,120.185226,907,1201.85226
9,3,2,6,2006,120.2749141,1164,1202.749141
11,3,2,7,2009,120.342772,1342,1203.42772
11,1,2,7,2009,120.3457447,1504,1203.457447
11,3,2,6,2007,120.4081633,1470,1204.081633
11,3,1,6,2010,120.4139229,1063,1204.139229
11,3,1,6,2007,120.4453441,988,1204.453441
11,2,3,4,2006,120.5233034,1223,1205.233034
14,3,3,8,2007,120.5525606,1484,1205.525606
11,3,2,6,2007,120.5787781,1244,1205.787781
11,3,3,6,2006,120.7115629,1574,1207.115629
11,2,3,5,2007,120.7133059,1458,1207.133059
11,3,1,5,2007,120.7482993,882,1207.482993
11,2,3,5,2007,120.7494795,1441,1207.494795
11,3,2,6,2006,120.8459215,1324,1208.459215
11,3,3,8,2008,120.8791209,1456,1208.791209
11,4,2,8,2007,120.8840776,2217,1208.840776
11,3,2,7,2006,120.9327549,1844,1209.327549
12,2,1,6,2009,120.9831255,1363,1209.831255
12,3,3,6,2008,121.0235131,1446,1210.235131
12,3,3,8,2010,121.0877373,1949,1210.877373
12,2,1,6,2010,121.1165049,1236,1211.165049
12,3,3,8,2008,121.1550534,1593,1211.550534
12,3,1,5,2008,121.2284483,928,1212.284483
12,3,2,7,2007,121.3517665,1302,1213.517665
15,3,3,7,2006,121.4049039,1509,1214.049039
12,3,2,6,2006,121.5362178,2057,1215.362178
12,3,3,8,2006,121.537259,1919,1215.37259
12,3,1,6,2008,121.5707965,904,1215.707965
12,3,2,6,2008,121.6205212,1228,1216.205212
12,1,2,6,2006,121.6666667,1200,1216.666667
12,3,2,9,2006,121.7532468,2156,1217.532468
12,3,3,8,2008,121.9298246,1710,1219.298246
12,3,2,6,2010,122.1153846,1040,1221.153846
12,3,2,6,2008,122.14342,1269,1221.4342
12,3,3,7,2006,122.2217125,1962,1222.217125
12,3,2,7,2009,122.2222222,1350,1222.222222
12,2,2,6,2006,122.2419929,1405,1222.419929
12,2,1,5,2007,122.3067174,789,1223.067174
12,2,2,7,2009,122.324159,1308,1223.24159
12,3,1,6,2008,122.3339161,1144,1223.339161
12,2,1,6,2006,122.3902088,1389,1223.902088
12,3,3,8,2006,122.4354732,1511,1224.354732
12,2,1,5,2009,122.4832215,894,1224.832215
12,3,1,6,2007,122.5471698,1060,1225.471698
12,2,1,3,2009,122.5490196,816,1225.490196
12,3,3,7,2007,122.5641026,1950,1225.641026
12,3,1,6,2006,122.6086957,1150,1226.086957
12,3,3,6,2007,122.7272727,1320,1227.272727
12,2,1,5,2009,122.7619048,1050,1227.619048
12,3,3,9,2007,122.8878648,1953,1228.878648
12,3,1,6,2008,122.9508197,1098,1229.508197
12,5,3,10,2006,123.015873,2520,1230.15873
12,3,1,5,2007,123.0425056,894,1230.425056
12,3,2,7,2006,123.0723606,1686,1230.723606
12,3,1,5,2008,123.2394366,1136,1232.394366
12,3,3,8,2007,123.3104396,1456,1233.104396
12,3,1,5,2008,123.3183857,892,1233.183857
12,3,1,6,2007,123.3933162,1167,1233.933162
12,3,2,7,2008,123.4177215,1422,1234.177215
12,3,3,8,2008,123.4899329,1490,1234.899329
12,3,2,6,2010,123.5955056,1246,1235.955056
14,3,3,7,2008,123.6936937,1665,1236.936937
12,2,2,7,2009,123.7942122,1555,1237.942122
12,3,2,7,2009,123.8160291,2196,1238.160291
12,3,2,6,2009,123.9376771,1412,1239.376771
12,3,3,9,2010,123.9511823,2622,1239.511823
12,3,1,6,2010,123.9530988,1194,1239.530988
12,3,1,5,2009,123.9964318,1121,1239.964318
9,3,3,8,2009,124.0416259,2042,1240.416259
12,3,2,5,2007,124.0740741,1080,1240.740741
12,3,3,7,2008,124.1900648,1852,1241.900648
12,3,1,6,2006,124.2487047,965,1242.487047
12,4,2,7,2007,124.408384,1479,1244.08384
12,2,1,4,2007,124.4573082,691,1244.573082
12,3,1,5,2008,124.5192308,1040,1245.192308
12,3,1,6,2006,124.5874587,1212,1245.874587
6,3,1,6,2006,124.6212121,1320,1246.212121
12,3,2,7,2009,124.7481531,1489,1247.481531
12,3,2,6,2007,124.7572816,1442,1247.572816
12,3,2,6,2008,124.8148148,1350,1248.148148
12,3,1,6,2008,124.8231966,1414,1248.231966
12,3,1,5,2007,124.8484848,990,1248.484848
12,3,1,6,2007,124.8817408,1057,1248.817408
12,2,2,5,2010,124.8884924,1121,1248.884924
11,3,2,6,2006,124.890447,1141,1248.90447
12,3,2,8,2006,124.9228871,1621,1249.228871
12,4,2,8,2006,124.9295775,2201,1249.295775
12,3,1,6,2006,125,1144,1250
14,3,3,6,2006,125,1576,1250
12,3,3,6,2009,125,1840,1250
12,2,2,5,2009,125.0797703,1567,1250.797703
12,3,3,6,2008,125.1399776,1786,1251.399776
12,3,3,6,2006,125.1668892,1498,1251.668892
12,3,2,5,2009,125.1733703,1442,1251.733703
12,2,2,6,2009,125.2753268,1224,1252.753268
12,2,2,5,2008,125.2992817,1253,1252.992817
12,3,1,5,2007,125.3381425,1109,1253.381425
12,3,3,9,2008,125.502008,1992,1255.02008
12,2,1,5,2007,125.524109,954,1255.24109
12,3,1,5,2007,125.5274262,948,1255.274262
8,2,1,5,2007,125.5482456,912,1255.482456
12,4,3,8,2009,125.5969436,2094,1255.969436
12,3,1,5,2007,125.7894737,950,1257.894737
12,3,1,6,2007,125.8122744,1108,1258.122744
12,2,3,4,2010,125.8333333,1200,1258.333333
12,2,3,4,2006,125.8333333,1200,1258.333333
13,3,3,6,2009,125.8503401,1470,1258.503401
13,2,2,6,2009,125.862069,1334,1258.62069
13,3,3,7,2010,125.8741259,1430,1258.741259
13,3,1,7,2010,125.8741259,1287,1258.741259
13,3,3,6,2006,125.884017,1414,1258.84017
13,3,2,5,2007,125.9029928,969,1259.029928
13,3,1,5,2008,125.9259259,1080,1259.259259
13,3,2,6,2006,125.9465649,1310,1259.465649
13,3,3,7,2008,126.0053619,1865,1260.053619
13,4,4,9,2006,126.0195759,2452,1260.195759
13,2,1,5,2006,126.0964912,912,1260.964912
13,3,2,6,2007,126.1494253,1740,1261.494253
13,2,2,6,2008,126.2993681,1266,1262.993681
13,3,2,7,2007,126.3009845,1422,1263.009845
13,2,2,6,2006,126.407355,1414,1264.07355
13,3,2,6,2010,126.5640038,1039,1265.640038
13,4,3,9,2010,126.6213712,3238,1266.213712
13,3,1,6,2006,126.6423358,1096,1266.423358
13,3,3,6,2006,126.6528926,1452,1266.528926
13,3,2,7,2008,126.6666667,1425,1266.666667
13,3,2,6,2009,126.6666667,1500,1266.666667
13,2,1,4,2008,126.8028846,832,1268.028846
13,3,3,7,2008,126.8228016,2263,1268.228016
13,2,1,4,2006,126.9035533,788,1269.035533
13,3,2,7,2009,126.9345238,1680,1269.345238
13,1,1,3,2009,126.984127,630,1269.84127
13,2,2,7,2008,126.9946809,1504,1269.946809
13,2,1,6,2006,127.0016565,1811,1270.016565
14,3,2,7,2007,127.0138889,1440,1270.138889
13,2,1,5,2009,127.027027,925,1270.27027
13,3,3,7,2006,127.0480226,1416,1270.480226
13,2,1,4,2009,127.1008403,952,1271.008403
13,3,1,5,2007,127.1634615,1040,1271.634615
13,3,3,8,2008,127.2058824,1768,1272.058824
13,3,1,5,2007,127.2727273,990,1272.727273
13,3,1,6,2009,127.2893773,1092,1272.893773
13,3,1,7,2007,127.2918125,1429,1272.918125
13,3,2,6,2010,127.3291925,1610,1273.291925
13,3,1,6,2009,127.3516643,1382,1273.516643
13,3,2,6,2009,127.3777174,1472,1273.777174
13,3,3,5,2008,127.4094969,2127,1274.094969
13,3,1,6,2007,127.4165202,1138,1274.165202
16,3,2,6,2008,127.4509804,1428,1274.509804
13,3,1,5,2008,127.4725275,910,1274.725275
13,3,1,5,2007,127.5510204,882,1275.510204
13,3,1,6,2009,127.5720165,1215,1275.720165
13,4,3,9,2009,127.5887574,2704,1275.887574
13,2,1,4,2007,127.5981524,866,1275.981524
13,3,3,6,2009,127.6339554,1661,1276.339554
11,3,3,9,2008,127.6813075,1958,1276.813075
13,4,3,9,2010,127.753304,2270,1277.53304
13,2,3,4,2008,127.7955272,1252,1277.955272
13,2,1,6,2006,127.8538813,1095,1278.538813
13,3,2,5,2010,127.8846154,1040,1278.846154
13,3,1,6,2006,127.8976819,1251,1278.976819
13,2,2,5,2007,128.0120482,1328,1280.120482
13,3,2,7,2008,128.1337047,1795,1281.337047
13,3,1,6,2010,128.1385281,1155,1281.385281
13,3,1,6,2008,128.1818182,1100,1281.818182
13,4,3,9,2007,128.1843914,2473,1281.843914
13,4,3,10,2010,128.1908426,2599,1281.908426
13,3,2,7,2008,128.1914894,1786,1281.914894
13,2,1,4,2007,128.2051282,858,1282.051282
13,3,3,7,2006,128.2051282,1989,1282.051282
14,3,3,7,2008,128.2239819,1768,1282.239819
13,2,2,6,2009,128.2940361,1442,1282.940361
13,2,2,5,2008,128.3569641,1199,1283.569641
13,3,3,8,2009,128.361238,1971,1283.61238
13,3,2,6,2007,128.440367,1635,1284.40367
13,3,1,6,2006,128.5576923,1040,1285.576923
13,1,1,3,2008,128.5714286,630,1285.714286
13,4,3,8,2009,128.6370597,2612,1286.370597
13,3,1,5,2008,128.7615741,864,1287.615741
13,3,1,6,2007,128.8167939,1048,1288.167939
13,3,2,7,2010,128.8461538,1560,1288.461538
15,3,3,9,2007,128.9134438,2172,1289.134438
13,3,2,6,2006,129.0064103,1872,1290.064103
13,3,3,9,2009,129.0322581,1953,1290.322581
13,3,3,7,2010,129.0322581,1674,1290.322581
13,2,1,6,2006,129.1208791,1092,1291.208791
13,3,2,6,2008,129.1413117,1479,1291.413117
13,3,2,6,2006,129.1717325,1316,1291.717325
13,3,3,7,2008,129.1852679,1792,1291.852679
13,4,2,7,2007,129.1977612,2144,1291.977612
13,3,1,6,2008,129.2624901,1261,1292.624901
13,3,3,7,2007,129.4009086,1761,1294.009086
13,3,1,5,2008,129.4691224,923,1294.691224
13,3,3,7,2010,129.5790049,1829,1295.790049
13,2,1,6,2006,129.6875,1600,1296.875
13,3,3,7,2009,129.739253,1419,1297.39253
13,4,3,11,2008,129.7923323,2504,1297.923323
15,3,3,7,2008,129.8076923,1456,1298.076923
13,3,1,7,2010,129.8309179,1656,1298.309179
13,3,3,7,2007,129.8326601,1733,1298.326601
13,4,3,9,2006,129.9756296,2462,1299.756296
13,2,1,5,2010,129.9879081,827,1299.879081
13,3,1,6,2006,130,1050,1300
13,3,1,5,2007,130.0607287,988,1300.607287
13,4,2,4,2006,130.1020408,980,1301.020408
13,2,1,4,2007,130.1873199,694,1301.873199
13,2,1,5,2008,130.4347826,1357,1304.347826
13,3,1,6,2010,130.455408,1054,1304.55408
13,3,1,6,2008,130.5555556,1080,1305.555556
13,2,2,5,2006,130.5970149,1072,1305.970149
13,3,2,6,2009,130.6748466,1630,1306.748466
13,2,2,6,2006,130.7639367,1453,1307.639367
13,2,1,5,2007,130.7752545,1277,1307.752545
13,3,3,8,2006,130.8059132,2097,1308.059132
13,3,2,6,2009,130.8391608,1430,1308.391608
13,3,3,8,2010,130.9193631,1947,1309.193631
13,2,2,4,2008,130.9635173,1069,1309.635173
13,2,1,6,2008,131.0160428,1122,1310.160428
14,3,2,6,2008,131.0282075,1099,1310.282075
14,3,2,6,2010,131.1881188,1414,1311.881188
14,3,3,7,2009,131.2358277,1764,1312.358277
14,3,1,6,2007,131.25,1120,1312.5
14,3,3,8,2006,131.3155386,2098,1313.155386
14,2,1,5,2007,131.5789474,912,1315.789474
11,3,2,6,2007,131.5969842,1459,1315.969842
14,3,1,6,2007,131.6287879,1056,1316.287879
14,3,3,6,2009,131.6340782,1432,1316.340782
14,2,1,4,2009,131.6371681,904,1316.371681
14,4,3,12,2006,131.6518847,3608,1316.518847
14,3,2,5,2006,131.6539924,1052,1316.539924
14,3,3,8,2007,131.6722269,2398,1316.722269
14,1,1,4,2008,131.7307692,520,1317.307692
14,2,3,5,2007,131.76,1250,1317.6
14,3,2,6,2009,131.7991632,1434,1317.991632
14,2,1,5,2010,131.8413729,1078,1318.413729
14,3,2,6,2008,131.8993506,1232,1318.993506
14,4,4,9,2006,131.988829,2596,1319.88829
14,3,1,6,2007,132.0075758,1056,1320.075758
14,3,2,7,2006,132.0582878,1647,1320.582878
14,3,3,6,2009,132.0754717,1590,1320.754717
13,3,1,5,2009,132.0754717,1113,1320.754717
14,3,2,5,2009,132.1428571,1680,1321.428571
14,3,2,6,2009,132.1786691,1097,1321.786691
14,3,2,7,2009,132.2706935,1788,1322.706935
14,3,2,5,2006,132.3377961,971,1323.377961
14,3,3,5,2009,132.4289406,1548,1324.289406
14,3,1,6,2010,132.5158228,1264,1325.158228
14,3,1,6,2007,132.6326326,999,1326.326326
14,3,3,6,2009,132.6832151,1692,1326.832151
14,3,2,6,2007,132.6908821,1349,1326.908821
14,2,2,7,2009,132.7777778,1800,1327.777778
14,3,1,6,2008,132.7838828,1092,1327.838828
14,3,1,6,2010,132.9124579,1188,1329.124579
14,3,2,6,2007,132.9739443,1113,1329.739443
14,3,1,6,2007,132.9842932,955,1329.842932
14,4,3,9,2006,132.9892815,2519,1329.892815
14,3,1,6,2007,133.008658,924,1330.08658
14,3,2,6,2006,133.0304997,1541,1330.304997
14,2,1,4,2007,133.0472103,932,1330.472103
14,3,1,5,2010,133.1018519,864,1331.018519
14,2,1,5,2006,133.1018519,864,1331.018519
14,3,3,8,2006,133.2037757,1801,1332.037757
14,3,2,7,2007,133.2047686,1426,1332.047686
14,4,3,10,2007,133.2094176,3228,1332.094176
14,3,2,5,2008,133.2767402,1178,1332.767402
14,3,1,6,2010,133.4254144,1086,1334.254144
14,2,1,6,2007,133.4325397,1008,1334.325397
15,3,2,6,2009,133.4488735,1154,1334.488735
14,2,3,6,2006,133.5676626,1707,1335.676626
14,3,1,6,2006,133.5845896,1194,1335.845896
14,2,2,5,2007,133.611691,958,1336.11691
14,2,1,6,2008,134.0046476,1291,1340.046476
14,2,2,5,2006,134.0064103,1248,1340.064103
14,3,3,8,2007,134.023845,2013,1340.23845
14,3,3,7,2009,134.0540541,1850,1340.540541
14,3,2,6,2008,134.0891321,1279,1340.891321
14,1,1,3,2007,134.1269841,630,1341.269841
14,3,2,6,2009,134.1719078,1431,1341.719078
14,3,2,8,2009,134.2072409,1602,1342.072409
14,3,2,6,2007,134.2709285,1314,1342.709285
14,3,1,5,2006,134.3171296,864,1343.171296
14,3,3,7,2007,134.3355965,2062,1343.355965
14,3,1,6,2006,134.375,960,1343.75
14,2,3,4,2009,134.3954248,1224,1343.954248
14,2,2,6,2006,134.4286781,1339,1344.286781
14,3,1,5,2009,134.4537815,833,1344.537815
11,2,1,4,2006,134.4621514,1004,1344.621514
15,3,1,6,2010,134.469697,1056,1344.69697
15,2,2,5,2009,134.551495,1204,1345.51495
15,2,2,5,2008,134.6297681,1337,1346.297681
15,3,1,6,2006,134.6346346,999,1346.346346
15,3,2,6,2006,134.7607053,1588,1347.607053
12,2,1,5,2010,134.8039216,816,1348.039216
15,2,2,5,2009,134.8039216,1224,1348.039216
15,2,2,6,2007,134.8133848,1554,1348.133848
15,4,3,10,2008,134.8364279,2262,1348.364279
15,2,2,5,2006,134.8684211,1216,1348.684211
15,3,2,6,2009,134.9734043,1504,1349.734043
15,2,3,4,2007,135.0272232,1102,1350.272232
15,3,2,6,2007,135.1746269,1340,1351.746269
15,2,2,5,2006,135.2574986,1767,1352.574986
15,2,1,5,2006,135.261194,1072,1352.61194
15,2,1,5,2006,135.301353,813,1353.01353
15,2,2,5,2008,135.3777113,1337,1353.777113
15,3,2,6,2010,135.4003612,1661,1354.003612
15,2,2,5,2007,135.4748603,1432,1354.748603
15,3,2,6,2007,135.5491551,1302,1355.491551
15,3,1,5,2010,135.5555556,900,1355.555556
15,3,3,9,2007,135.6714352,2167,1356.714352
15,2,1,4,2010,135.7808858,858,1357.808858
13,2,1,5,2009,135.8024691,972,1358.024691
15,3,2,6,2009,135.9093937,1501,1359.093937
15,2,1,4,2006,135.9126984,1008,1359.126984
15,3,3,9,2006,135.9351806,2021,1359.351806
15,3,3,8,2009,136.1421189,1935,1361.421189
15,2,2,6,2006,136.2536657,1364,1362.536657
15,3,2,7,2006,136.3244176,1159,1363.244176
15,3,3,6,2009,136.3363363,1665,1363.363363
15,0,0,4,2010,136.3636364,1056,1363.636364
15,3,3,7,2009,136.4352052,1852,1364.352052
15,3,2,5,2006,136.4421416,1158,1364.421416
13,1,1,3,2009,136.5079365,630,1365.079365
15,3,1,6,2009,136.5638767,1135,1365.638767
15,3,1,7,2008,136.5853659,1640,1365.853659
15,3,2,6,2006,136.589404,1208,1365.89404
15,2,1,5,2007,136.5979381,970,1365.979381
15,3,1,6,2006,136.6666667,900,1366.666667
15,2,2,5,2006,136.7823765,1498,1367.823765
15,4,4,9,2006,136.9107744,2376,1369.107744
15,4,3,8,2010,136.9410569,1968,1369.410569
15,1,1,3,2009,136.9863014,438,1369.863014
15,3,1,5,2010,137.0614035,912,1370.614035
12,3,2,7,2009,137.1077763,1466,1371.077763
15,2,2,6,2007,137.1224165,1258,1371.224165
15,3,3,8,2009,137.1571072,1604,1371.571072
15,3,2,7,2006,137.1778351,1552,1371.778351
15,3,3,8,2006,137.1841155,1939,1371.841155
15,3,2,7,2006,137.2366791,1614,1372.366791
15,3,1,5,2006,137.3106061,1056,1373.106061
14,3,2,6,2008,137.4113475,1128,1374.113475
16,2,3,5,2008,137.52,1250,1375.2
16,2,1,6,2009,137.5838926,894,1375.838926
16,3,1,6,2009,137.5868056,1152,1375.868056
16,3,1,6,2009,137.755102,980,1377.55102
16,2,2,5,2007,137.7777778,1125,1377.777778
16,2,1,4,2010,137.8205128,936,1378.205128
16,3,3,8,2007,137.8254211,1959,1378.254211
16,1,1,4,2009,137.8676471,1360,1378.676471
16,4,3,8,2007,137.8751014,2466,1378.751014
16,2,1,5,2008,138.0597015,1072,1380.597015
15,3,2,5,2008,138.1766382,1053,1381.766382
16,3,1,5,2007,138.2297552,1062,1382.297552
16,2,1,5,2009,138.2575758,792,1382.575758
16,3,2,6,2006,138.2653061,980,1382.653061
16,3,2,5,2006,138.2734912,1309,1382.734912
16,3,2,6,2007,138.3694839,1337,1383.694839
15,3,2,6,2008,138.4853168,1294,1384.853168
16,2,2,7,2007,138.5171184,1402,1385.171184
16,3,2,6,2010,138.5597083,1097,1385.597083
16,3,2,5,2006,138.6748844,1298,1386.748844
16,3,3,7,2009,138.7755102,2450,1387.755102
16,3,3,8,2008,138.8074291,2046,1388.074291
16,3,1,5,2008,138.8592751,938,1388.592751
17,2,1,4,2006,138.8888889,864,1388.888889
16,3,1,6,2006,138.8888889,954,1388.888889
16,3,2,6,2006,139.0205371,1266,1390.205371
16,3,2,6,2010,139.0538033,1078,1390.538033
16,3,2,6,2006,139.0568319,1654,1390.568319
16,3,2,8,2010,139.088729,1668,1390.88729
16,3,3,7,2010,139.1079509,1547,1391.079509
16,3,1,6,2007,139.135255,902,1391.35255
16,3,1,6,2008,139.1382406,1114,1391.382406
16,3,2,7,2008,139.3229167,1536,1393.229167
16,2,2,7,2009,139.3709328,1844,1393.709328
16,3,1,5,2009,139.3939394,990,1393.939394
16,3,2,7,2010,139.4136808,1535,1394.136808
16,3,1,5,2009,139.4675926,864,1394.675926
16,3,1,5,2007,139.4675926,864,1394.675926
16,2,1,5,2008,139.6683673,784,1396.683673
16,3,3,7,2009,139.6901709,1872,1396.901709
16,3,1,5,2007,139.8210291,894,1398.210291
16,2,2,5,2009,139.9126638,1145,1399.126638
16,3,2,7,2008,139.9196249,1493,1399.196249
16,3,2,7,2007,140.021751,1839,1400.21751
16,3,2,7,2009,140.3508772,1710,1403.508772
16,2,1,4,2006,140.4561825,833,1404.561825
16,3,2,6,2007,140.4628891,1253,1404.628891
16,4,3,10,2006,140.4965062,2576,1404.965062
16,2,2,5,2008,140.9058231,1391,1409.058231
14,3,3,9,2008,141.025641,2418,1410.25641
16,3,1,5,2007,141.0550459,872,1410.550459
16,1,2,4,2010,141.1451398,1502,1411.451398
16,3,1,6,2007,141.2924425,913,1412.924425
16,3,2,6,2007,141.3043478,1242,1413.043478
16,3,1,5,2008,141.6819013,1094,1416.819013
16,2,2,6,2006,141.7596282,1506,1417.596282
16,3,2,6,2009,141.8147208,1576,1418.147208
16,2,3,4,2009,141.9387255,1224,1419.387255
16,3,1,6,2006,142.0737787,1003,1420.737787
16,3,2,5,2006,142.0959147,1126,1420.959147
16,2,1,5,2007,142.1487603,605,1421.487603
16,3,2,6,2009,142.1528348,1217,1421.528348
16,3,2,6,2008,142.2134387,1265,1422.134387
12,2,1,4,2007,142.2413793,928,1422.413793
16,2,1,4,2008,142.3027167,773,1423.027167
16,4,3,10,2007,142.4221068,2696,1424.221068
16,3,2,6,2006,142.4501425,1053,1424.501425
16,3,3,8,2009,142.4947146,2365,1424.947146
17,2,1,4,2008,142.5945378,952,1425.945378
17,3,3,8,2006,142.6395939,1970,1426.395939
17,3,2,6,2008,142.7289048,1114,1427.289048
17,3,2,7,2010,142.7644387,1541,1427.644387
17,3,2,6,2006,142.9236499,1074,1429.236499
17,3,2,7,2007,142.9471033,1588,1429.471033
17,2,2,6,2007,142.9515419,1362,1429.515419
17,3,2,5,2010,143.0123099,1381,1430.123099
17,3,2,6,2008,143.2637571,1054,1432.637571
17,3,1,5,2008,143.2748538,1026,1432.748538
17,3,2,5,2010,143.3691756,1116,1433.691756
17,3,1,5,2010,143.4004474,894,1434.004474
17,3,2,6,2007,143.4108527,1032,1434.108527
17,4,3,10,2007,143.4359806,2468,1434.359806
17,3,2,7,2010,143.5309973,1484,1435.309973
17,3,2,7,2006,143.5643564,1616,1435.643564
17,3,2,7,2006,143.7125749,1670,1437.125749
17,3,3,9,2007,143.7760121,2643,1437.760121
17,3,2,6,2007,143.8193344,1262,1438.193344
17,3,2,5,2007,143.9089692,1494,1439.089692
17,2,2,5,2007,144.0366972,1090,1440.366972
17,3,1,5,2009,144.0972222,864,1440.972222
17,2,1,4,2006,144.1781548,943,1441.781548
17,4,3,9,2009,144.2376521,2794,1442.376521
17,3,1,5,2007,144.295302,894,1442.95302
17,3,2,6,2009,144.3102352,1573,1443.102352
17,2,2,5,2006,144.3120676,1301,1443.120676
17,3,3,8,2006,144.4327731,1904,1444.327731
17,2,1,4,2006,144.4805195,616,1444.805195
17,3,1,5,2009,144.6051168,899,1446.051168
17,2,2,5,2007,144.6153846,1625,1446.153846
17,3,1,6,2006,144.6629213,1068,1446.629213
20,3,2,5,2009,144.7115385,1040,1447.115385
17,3,2,7,2010,144.8347107,1694,1448.347107
17,3,2,6,2010,144.9275362,1173,1449.275362
17,3,3,7,2010,145.1327434,2260,1451.327434
17,3,1,5,2007,145.2205882,816,1452.205882
17,2,1,5,2006,145.232816,902,1452.32816
17,3,2,6,2006,145.2476573,1494,1452.476573
17,3,1,6,2010,145.2830189,1060,1452.830189
17,3,3,8,2009,145.3785416,2153,1453.785416
17,3,2,6,2007,145.3867661,1073,1453.867661
17,3,1,5,2008,145.4138702,894,1454.138702
17,3,3,7,2006,145.4849498,2392,1454.849498
21,3,3,7,2006,145.5301455,1924,1455.301455
17,2,1,5,2008,145.7541191,789,1457.541191
17,3,2,7,2008,145.7860616,1234,1457.860616
17,2,1,4,2008,146.0084034,952,1460.084034
21,3,2,5,2007,146.0244648,981,1460.244648
17,1,1,3,2006,146.031746,630,1460.31746
17,3,1,6,2009,146.1538462,1040,1461.538462
17,3,2,8,2008,146.2395543,1436,1462.395543
17,2,2,5,2010,146.3490099,1616,1463.490099
17,3,1,5,2008,146.4646465,990,1464.646465
18,3,1,5,2006,146.5240642,935,1465.240642
18,2,2,5,2006,146.59271,1262,1465.9271
18,3,2,6,2009,146.8646865,1212,1468.646865
18,3,1,5,2008,146.9907407,864,1469.907407
18,3,2,7,2007,147.026643,1689,1470.26643
18,2,1,5,2010,147.0833333,720,1470.833333
18,3,1,6,2006,147.2836096,1086,1472.836096
18,3,1,6,2010,147.338403,1052,1473.38403
18,3,2,7,2008,147.3951715,1574,1473.951715
22,2,1,5,2009,147.5694444,864,1475.694444
18,2,1,5,2010,147.5903614,996,1475.903614
18,2,2,7,2006,147.6648352,1456,1476.648352
18,2,1,5,2008,147.6715686,816,1476.715686
18,2,2,6,2007,147.810219,1370,1478.10219
17,3,2,6,2007,147.9166667,1200,1479.166667
18,3,2,6,2008,147.9250335,1494,1479.250335
18,2,1,4,2010,148.0099502,804,1480.099502
18,2,2,6,2006,148.0263158,1368,1480.263158
18,2,2,6,2006,148.1469298,1368,1481.469298
18,3,1,5,2009,148.2035928,1002,1482.035928
18,3,2,6,2009,148.243359,1167,1482.43359
18,2,1,5,2010,148.4063745,1004,1484.063745
18,4,3,11,2006,148.4509466,2324,1484.509466
18,1,2,5,2009,148.4990619,2132,1484.990619
18,3,1,5,2006,148.7268519,864,1487.268519
18,3,1,5,2009,148.7414188,874,1487.414188
18,3,2,7,2009,148.8060571,1717,1488.060571
18,3,2,7,2008,148.8151899,1580,1488.151899
18,3,4,10,2006,148.991511,2945,1489.91511
18,1,1,4,2009,149.0990991,1110,1490.990991
18,3,3,5,2009,149.1666667,1200,1491.666667
18,3,1,5,2007,149.3055556,864,1493.055556
18,2,1,4,2007,149.5726496,936,1495.726496
18,3,1,5,2010,149.7777778,900,1497.777778
18,2,2,6,2006,149.8292117,1294,1498.292117
18,3,2,7,2006,149.9423299,1734,1499.423299
15,2,2,5,2009,150.0521921,958,1500.521921
18,1,2,5,2009,150.0765697,1306,1500.765697
18,3,2,6,2008,150.1287554,1165,1501.287554
18,2,3,7,2010,150.202977,1478,1502.02977
18,4,3,11,2007,150.2369165,2828,1502.369165
18,2,2,7,2006,150.2890173,1557,1502.890173
18,3,1,5,2006,150.3472222,864,1503.472222
18,3,2,7,2007,150.4010695,1496,1504.010695
18,3,2,8,2007,150.6820916,2161,1506.820916
18,3,2,7,2007,150.7850242,1656,1507.850242
18,0,0,3,2006,151.0416667,960,1510.416667
18,2,1,4,2007,151.1758119,893,1511.758119
18,3,2,6,2007,151.2150668,1646,1512.150668
18,2,2,6,2010,151.3002364,1269,1513.002364
18,3,2,7,2010,151.3953488,1720,1513.953488
18,2,1,4,2008,151.5151515,825,1515.151515
18,2,2,6,2009,151.5151515,1221,1515.151515
18,3,1,7,2006,151.6150297,1517,1516.150297
18,3,2,6,2007,151.7049408,1437,1517.049408
18,2,2,7,2008,151.7362859,1987,1517.362859
18,2,2,6,2007,151.937046,1652,1519.37046
18,3,1,5,2009,152.0467836,1026,1520.467836
18,3,2,6,2007,152.0828267,1316,1520.828267
18,3,2,7,2007,152.1323997,1571,1521.323997
18,3,2,6,2008,152.1827411,985,1521.827411
16,2,2,6,2008,152.4300442,1358,1524.300442
18,3,2,7,2009,152.5054466,1836,1525.054466
18,2,1,5,2007,152.5735294,816,1525.735294
18,3,2,7,2007,152.80595,1479,1528.0595
18,3,2,8,2007,152.95,2000,1529.5
18,3,1,6,2008,152.9516995,1118,1529.516995
18,3,2,7,2007,152.998776,1634,1529.98776
18,2,1,4,2007,153.2544379,845,1532.544379
18,3,3,10,2009,153.3882784,2184,1533.882784
18,3,2,6,2010,153.4653465,1212,1534.653465
18,2,2,8,2008,153.4970238,1344,1534.970238
18,3,2,7,2006,153.8891998,1787,1538.891998
18,2,2,5,2008,153.9087948,1228,1539.087948
18,2,1,6,2008,153.9386651,1663,1539.386651
18,2,2,5,2009,154.0833333,1200,1540.833333
18,3,2,6,2006,154.0983607,1525,1540.983607
18,4,4,11,2009,154.4585987,3140,1544.585987
18,3,3,10,2009,154.4593921,2007,1544.593921
18,2,2,5,2007,154.5118343,1352,1545.118343
18,3,1,5,2009,154.5138889,864,1545.138889
18,2,1,5,2007,154.5667447,854,1545.667447
18,3,3,10,2008,154.6101949,2668,1546.101949
18,2,2,5,2006,154.7933157,1137,1547.933157
18,2,1,4,2008,154.8843188,778,1548.843188
18,3,1,5,2010,154.9217002,894,1549.217002
18,2,2,5,2010,154.9295775,923,1549.295775
15,1,1,3,2007,155.0707547,848,1550.707547
18,2,1,5,2008,155.1312649,838,1551.312649
18,3,2,7,2009,155.2396804,1502,1552.396804
18,3,2,6,2008,155.4174067,1126,1554.174067
18,2,2,5,2008,155.4770318,1132,1554.770318
18,2,2,7,2009,155.483871,1550,1554.83871
18,3,1,5,2008,155.7017544,912,1557.017544
18,3,2,8,2007,155.8679707,1636,1558.679707
18,3,2,7,2006,156.212223,1489,1562.12223
20,2,2,5,2007,156.25,1088,1562.5
19,2,2,5,2007,156.4516129,1240,1564.516129
19,3,1,6,2010,156.6840278,1152,1566.840278
19,3,2,6,2008,156.7498401,1563,1567.498401
19,2,1,5,2009,157.2261072,858,1572.261072
19,4,3,10,2009,157.3741007,2224,1573.741007
19,3,1,5,2006,157.5757576,990,1575.757576
19,2,2,5,2006,157.8645235,1742,1578.645235
19,2,2,6,2009,157.8733766,1232,1578.733766
19,2,1,4,2008,157.8947368,912,1578.947368
19,2,2,6,2009,157.9147641,1314,1579.147641
19,2,2,6,2008,157.9572447,1684,1579.572447
19,1,2,4,2006,157.97915,1247,1579.7915
19,3,1,6,2009,157.9861111,864,1579.861111
19,2,1,5,2007,158.1419624,958,1581.419624
19,2,2,6,2006,159.0163934,1220,1590.163934
19,3,2,8,2006,159.0909091,1980,1590.909091
20,2,1,5,2006,159.1911765,816,1591.911765
19,2,1,4,2009,159.3023256,860,1593.023256
19,3,2,6,2007,159.3406593,1274,1593.406593
19,3,1,5,2006,159.3959732,894,1593.959732
19,3,2,8,2008,159.4165814,1954,1594.165814
19,3,2,6,2008,159.4397759,1428,1594.397759
19,2,2,6,2010,159.5665172,1338,1595.665172
19,3,2,7,2007,159.607545,1776,1596.07545
19,3,1,5,2008,159.9264706,816,1599.264706
19,2,1,4,2008,160.1282051,780,1601.282051
19,3,2,7,2009,160.1875,1600,1601.875
19,4,3,10,2006,160.2470674,2728,1602.470674
19,3,2,7,2008,160.4499704,1689,1604.499704
19,1,2,6,2010,160.4664076,1801,1604.664076
19,3,2,7,2009,160.4786924,1713,1604.786924
19,2,1,4,2008,160.7142857,672,1607.142857
19,1,1,3,2008,160.9669811,848,1609.669811
19,1,2,4,2007,161.0797744,1241,1610.797744
19,2,1,5,2008,161.1842105,912,1611.842105
19,2,2,5,2006,161.3300493,1624,1613.300493
19,3,2,8,2009,161.4757525,2392,1614.757525
21,2,2,6,2007,161.7549669,1208,1617.549669
19,2,1,5,2006,161.9256018,914,1619.256018
19,3,2,6,2010,162.2349103,1226,1622.349103
19,2,1,5,2007,162.8959276,884,1628.959276
19,2,2,5,2008,162.9502573,1166,1629.502573
19,2,1,4,2010,163.1944444,864,1631.944444
19,3,3,8,2008,163.4985563,2078,1634.985563
19,3,2,6,2007,163.6125654,1146,1636.125654
19,4,4,12,2010,164.0744129,3279,1640.744129
19,4,3,8,2009,164.2156863,2448,1642.156863
19,3,1,6,2010,164.3133462,1034,1643.133462
19,2,2,6,2006,164.3853333,1500,1643.853333
19,3,3,11,2008,164.4898636,2713,1644.898636
19,2,2,6,2010,164.9484536,1358,1649.484536
19,1,1,4,2009,165.0943396,848,1650.943396
18,2,2,5,2007,165.5701754,1824,1655.701754
19,2,3,7,2008,165.6412683,2113,1656.412683
19,3,2,9,2007,165.7458564,1629,1657.458564
19,2,1,4,2010,166.2234043,752,1662.234043
19,1,1,3,2008,166.2735849,848,1662.735849
19,4,4,10,2007,166.4432529,4476,1664.432529
19,3,2,6,2009,166.6212534,1468,1666.212534
19,2,2,5,2008,167.0716889,1646,1670.716889
17,2,2,5,2009,167.2749392,1644,1672.749392
19,2,2,5,2009,167.5708258,1659,1675.708258
19,3,2,7,2010,167.6245211,1566,1676.245211
19,3,1,5,2006,167.6733781,894,1676.733781
19,3,2,8,2007,167.9790026,1905,1679.790026
19,2,1,4,2009,168.1547619,672,1681.547619
19,2,1,5,2007,168.6197917,768,1686.197917
19,1,1,3,2010,168.6320755,848,1686.320755
19,1,2,7,2006,168.8328015,1567,1688.328015
19,2,1,4,2009,169.0544413,698,1690.544413
19,2,1,4,2008,169.1176471,816,1691.176471
19,3,2,7,2007,169.2810458,1530,1692.810458
19,2,1,5,2009,169.6058091,964,1696.058091
19,2,2,6,2009,169.7530864,1296,1697.530864
19,1,1,4,2009,169.8113208,848,1698.113208
19,3,2,6,2010,169.8938164,1601,1698.938164
19,3,2,7,2009,169.9346405,1530,1699.346405
19,2,2,6,2007,170.1771001,1869,1701.771001
19,1,1,4,2008,170.4009434,848,1704.009434
20,2,2,6,2010,170.5298013,1208,1705.298013
20,0,1,4,2010,170.6036745,1524,1706.036745
20,3,2,7,2007,170.8633094,1668,1708.633094
20,2,2,4,2009,171.0180624,1218,1710.180624
20,2,1,5,2007,171.0526316,912,1710.526316
17,2,2,8,2009,171.3819369,1838,1713.819369
20,3,2,9,2007,172.2171772,1828,1722.171772
20,4,4,10,2006,172.3187207,3627,1723.187207
20,3,2,7,2009,172.8754366,1718,1728.754366
20,2,1,5,2009,173.1770833,768,1731.770833
21,1,1,4,2007,173.4028683,767,1734.028683
20,3,2,7,2006,173.6111111,1800,1736.111111
20,3,2,7,2009,174.3400859,1629,1743.400859
20,2,1,5,2009,174.3489583,768,1743.489583
20,3,2,6,2009,174.6240487,1314,1746.240487
19,3,2,7,2006,174.6987952,1826,1746.987952
20,3,2,8,2006,174.6987952,1660,1746.987952
20,4,4,10,2007,174.9304912,4316,1749.304912
20,2,2,6,2009,175.0380518,1314,1750.380518
21,2,2,6,2008,175.3864542,1506,1753.864542
20,1,1,3,2008,175.7075472,848,1757.075472
20,1,1,3,2008,176.0613208,848,1760.613208
20,3,2,7,2010,176.1303891,1902,1761.303891
20,3,2,8,2006,176.2162162,1850,1762.162162
20,2,3,8,2007,177.1743259,2633,1771.743259
20,2,1,5,2008,177.1826853,1363,1771.826853
20,2,2,6,2007,177.7706598,1561,1777.706598
20,3,2,7,2008,178.0540705,1646,1780.540705
16,3,1,6,2008,178.5785786,999,1785.785786
20,2,2,6,2007,179.1778976,1484,1791.778976
20,0,2,5,2008,179.5354677,1593,1795.354677
20,3,2,7,2010,179.5774648,1704,1795.774648
20,1,2,6,2008,180.5006588,1518,1805.006588
20,3,2,8,2007,180.6906141,1726,1806.906141
20,2,2,6,2006,180.7228916,1494,1807.228916
20,3,2,7,2007,181.227863,1694,1812.27863
20,3,2,8,2009,181.2840491,1630,1812.840491
20,3,2,7,2009,181.9328264,1578,1819.328264
20,3,3,7,2009,182.0625611,2046,1820.625611
20,1,1,4,2006,182.1862348,988,1821.862348
20,2,2,7,2006,182.3964497,2028,1823.964497
20,2,2,6,2010,182.5913242,1752,1825.913242
20,3,2,6,2008,182.638484,1372,1826.38484
20,2,2,5,2006,182.6484018,1533,1826.484018
20,3,3,9,2008,182.6758148,2332,1826.758148
20,3,2,7,2007,183.3910035,1734,1833.910035
20,1,1,3,2006,183.8443396,848,1838.443396
20,3,2,8,2009,184.1846758,2036,1841.846758
20,2,2,7,2008,184.7408829,2084,1847.408829
20,3,2,8,2006,185.1851852,1944,1851.851852
20,3,2,7,2007,187.08166,1494,1870.8166
18,3,2,10,2010,187.5619425,2018,1875.619425
21,1,1,4,2008,187.6996805,1252,1876.996805
21,3,2,7,2007,187.7213695,1694,1877.213695
21,3,2,8,2009,188.4570082,1698,1884.570082
21,1,2,6,2008,188.4816754,1719,1884.816754
21,1,2,4,2008,190.6055901,1288,1906.055901
20,2,2,6,2009,191.8429003,1324,1918.429003
21,2,2,5,2008,192.4517262,1709,1924.517262
21,3,2,6,2007,193.2527322,1464,1932.527322
21,4,4,11,2006,194.0658996,2868,1940.658996
21,2,2,6,2009,194.7530864,1620,1947.530864
21,3,3,8,2007,195.8029231,2121,1958.029231
21,3,2,8,2007,196.371488,1922,1963.71488
21,3,2,7,2009,196.4493597,1718,1964.493597
21,2,2,6,2009,196.7312349,1652,1967.312349
21,3,3,10,2009,196.8423345,2296,1968.423345
21,3,3,9,2009,199.4361386,2020,1994.361386
21,3,2,9,2007,200.2027369,1973,2002.027369
21,1,2,8,2006,201.7167382,2097,2017.167382
21,3,3,8,2010,203.7072165,1940,2037.072165
21,2,2,7,2008,204.2531056,1932,2042.531056
21,4,4,12,2009,206.5673281,2822,2065.673281
20,2,2,6,2006,208.7053571,1792,2087.053571
21,0,1,5,2006,209.0119435,1842,2090.119435
21,2,3,7,2009,210.0101925,1766,2100.101925
20,1,2,8,2010,212.5172414,1856,2125.172414
21,1,2,7,2008,215.8014101,1702,2158.014101
21,3,2,7,2009,216.2084765,1746,2162.084765
18,2,2,6,2008,217.7789474,1710,2177.789474
21,2,2,7,2007,222.6720648,1976,2226.720648
21,2,3,7,2006,223.9884393,2076,2239.884393
21,1,2,9,2009,224.6360788,2234,2246.360788
21,2,2,10,2009,231.0574521,2402,2310.574521
21,2,2,5,2008,237.590799,1652,2375.90799
21,2,3,11,2010,258.7381557,2364,2587.381557
19,2,2,7,2007,276.2508809,1419,2762.508809
